19:30:54,428,598
19:30:55,110,250
19:30:56,584,720
19:30:57,266,322
19:30:58,110,266
19:30:59,110,110
19:31:00,110,110
19:31:01,110,110
19:31:02,110,110
19:31:03,176,220
19:31:04,242,218
19:31:05,325,272
19:31:06,110,87
19:31:07,110,110
19:31:08,322,380
19:31:09,696,534
19:31:10,270,212
19:31:11,270,216
19:31:12,708,644
19:31:13,336,818
19:31:14,172,164
19:31:15,482,654
19:31:16,588,538
19:31:17,962,8810
19:31:18,270,230
19:31:19,588,922
19:31:21,668,668
19:31:22,482,676
19:31:23,642,906
19:31:24,430,526
19:31:25,746,848
19:31:26,588,566
19:31:27,224,392
19:31:28,110,114
19:31:29,642,724
19:31:30,164,58
19:31:31,110,110
19:31:32,454,434
19:31:33,588,614
19:31:34,270,494
19:31:35,110,110
19:31:36,164,164
19:31:37,242,274
19:31:38,482,482
19:31:39,322,754
19:31:40,490,436
19:31:41,748,640
19:31:42,164,106
19:31:43,536,602
19:31:44,536,722
19:31:45,110,110
19:31:46,176,108
19:31:47,110,110
19:31:48,176,164
19:31:49,230,218
19:31:50,224,224
19:31:51,110,110
19:31:52,110,110
19:31:53,0,0
19:31:54,0,0
19:31:55,110,110
19:31:56,110,110
19:31:57,110,110
19:31:58,110,110
19:31:59,110,110
19:32:00,110,110
19:32:01,110,110
19:32:02,110,110
19:32:03,110,110
19:32:04,110,110
19:32:05,200,164
19:32:06,110,110
19:32:07,176,164
19:32:08,176,164
19:32:09,152,152
19:32:10,322,380
19:32:11,828,642
19:32:12,708,588
19:32:13,496,1406
19:32:14,110,110
19:32:15,110,110
19:32:16,110,110
19:32:18,110,110
19:32:19,110,110
19:32:20,0,0
19:32:21,110,0
19:32:22,110,110
19:32:23,110,110
19:32:24,110,110
19:32:25,110,110
19:32:26,164,220
19:32:27,224,164
19:32:28,242,278
19:32:29,110,54
19:32:30,110,110
19:32:31,110,110
19:32:32,110,110
19:32:33,110,110
19:32:34,110,110
19:32:35,110,110
19:32:36,110,110
19:32:37,110,110
19:32:38,176,220
19:32:39,218,150
19:32:40,224,220
19:32:41,110,114
19:32:42,218,168
19:32:43,110,110
19:32:44,110,110
19:32:45,242,274
19:32:46,176,108
19:32:47,176,164
19:32:48,234,218
19:32:49,110,110
19:32:50,114,110
19:32:51,110,114
19:32:52,110,110
19:32:53,110,110
19:32:54,110,110
19:32:55,110,110
19:32:56,110,110
19:32:57,110,110
19:32:58,110,110
19:32:59,110,110
19:33:00,110,110
19:33:01,110,110
19:33:02,110,110
19:33:03,110,110
19:33:04,562,1252
19:33:05,110,400
19:33:06,110,110
19:33:07,110,110
19:33:08,110,110
19:33:09,110,110
19:33:10,110,110
19:33:11,110,110
19:33:12,110,110
19:33:13,110,110
19:33:15,110,110
19:33:16,110,110
19:33:17,110,110
19:33:18,110,110
19:33:19,110,110
19:33:20,0,0
19:33:21,110,110
19:33:22,110,110
19:33:23,110,110
19:33:24,110,110
19:33:25,110,110
19:33:26,110,110
19:33:27,224,220
19:33:28,110,114
19:33:29,152,152
19:33:30,110,110
19:33:31,110,110
19:33:32,110,110
19:33:33,110,110
19:33:34,110,110
19:33:35,110,110
19:33:36,110,110
19:33:37,110,110
19:33:38,110,110
19:33:39,224,220
19:33:40,110,114
19:33:41,176,164
19:33:42,176,164
19:33:43,110,110
19:33:44,110,110
19:33:45,110,110
19:33:46,110,110
19:33:47,110,110
19:33:48,110,110
19:33:49,110,110
19:33:50,278,278
19:33:51,110,110
19:33:52,0,0
19:33:53,218,274
19:33:54,176,152
19:33:55,110,54
19:33:56,110,110
19:33:57,110,110
19:33:58,110,110
19:33:59,110,110
19:34:00,110,110
19:34:01,110,110
19:34:02,110,110
19:34:03,110,110
19:34:04,200,220
19:34:05,110,54
19:34:06,110,110
19:34:07,110,110
19:34:08,110,110
19:34:09,110,110
19:34:10,164,164
19:34:12,110,110
19:34:13,110,110
19:34:14,110,110
19:34:15,110,110
19:34:16,176,164
19:34:17,110,110
19:34:18,152,152
19:34:19,110,110
19:34:20,297,305
19:34:21,128,164
19:34:22,110,54
19:34:23,110,110
19:34:24,110,110
19:34:25,110,110
19:34:26,110,110
19:34:27,110,110
19:34:28,224,220
19:34:29,110,114
19:34:30,110,110
19:34:31,110,110
19:34:32,110,110
19:34:33,110,110
19:34:34,110,110
19:34:35,110,110
19:34:36,110,110
19:34:37,110,110
19:34:38,110,110
19:34:39,224,220
19:34:40,110,114
19:34:41,110,110
19:34:42,110,110
19:34:43,152,152
19:34:44,110,110
19:34:45,110,110
19:34:46,110,110
19:34:47,164,164
19:34:48,164,110
19:34:49,482,748
19:34:50,114,110
19:34:51,110,114
19:34:52,110,110
19:34:53,110,110
19:34:54,110,110
19:34:55,110,110
19:34:56,110,110
19:34:57,110,110
19:34:58,110,110
19:34:59,110,110
19:35:00,110,110
19:35:01,110,110
19:35:02,110,110
19:35:03,110,110
19:35:04,266,274
19:35:05,176,108
19:35:06,110,110
19:35:07,110,110
19:35:08,110,110
19:35:10,110,110
19:35:11,110,110
19:35:12,110,110
19:35:13,110,110
19:35:14,284,316
19:35:15,0,0
19:35:16,110,54
19:35:17,164,220
19:35:18,164,54
19:35:19,110,110
19:35:20,110,110
19:35:21,218,220
19:35:22,184,164
19:35:23,184,108
19:35:24,110,110
19:35:25,176,220
19:35:26,176,108
19:35:27,224,224
19:35:28,110,110
19:35:29,110,110
19:35:30,110,110
19:35:31,376,324
19:35:32,324,1262
19:35:33,110,110
19:35:34,110,110
19:35:35,110,110
19:35:36,110,110
19:35:37,110,110
19:35:38,110,110
19:35:39,110,110
19:35:40,224,224
19:35:41,110,110
19:35:42,110,110
19:35:43,176,164
19:35:44,66,110
19:35:45,110,54
19:35:46,2962,2954
19:35:47,110,88
19:35:48,313997,214418
19:35:49,82611,208575
19:35:50,58951,158808
19:35:51,191692,142647
19:35:52,33999,139710
19:35:53,25253,24828
19:35:54,269907,247099
19:35:55,169673,123771
19:35:56,3026,130268
19:35:57,110,5258
19:35:58,110,110
19:35:59,110,110
19:36:00,6963,6682
19:36:01,110,110
19:36:02,110,110
19:36:03,38728,39335
19:36:04,4410,4556
19:36:06,110,54
19:36:07,20110,20552
19:36:08,209766,119566
19:36:09,209176,259098
19:36:10,149868,134031
19:36:11,125108,151023
19:36:12,239976,168992
19:36:13,112687,157872
19:36:14,30579,132935
19:36:15,141925,124180
19:36:16,195677,197393
19:36:17,55202,118003
19:36:18,160323,162252
19:36:19,83816,108545
19:36:20,133616,192181
19:36:21,255763,132923
19:36:22,97896,131378
19:36:23,87952,195716
19:36:24,1638,37220
19:36:25,235691,193592
19:36:26,206715,167875
19:36:27,169540,114497
19:36:28,96737,174426
19:36:29,133542,178039
19:36:30,52756,114005
19:36:31,122880,120098
19:36:32,158875,154224
19:36:33,396357,218792
19:36:34,74905,147206
19:36:35,115906,142789
19:36:36,23146,155176
19:36:37,294108,161715
19:36:38,18252,142497
19:36:39,56779,139497
19:36:40,333232,146763
19:36:41,104906,118864
19:36:42,91442,210044
19:36:43,129569,134468
19:36:44,83193,173687
19:36:45,230585,149644
19:36:46,2622,125816
19:36:47,207082,169170
19:36:48,5942,82628
19:36:49,140922,157719
19:36:50,206972,201345
19:36:51,193382,155068
19:36:52,123804,157510
19:36:53,193649,137353
19:36:54,170416,117553
19:36:55,58643,162965
19:36:56,127239,156276
19:36:57,117435,181133
19:36:58,166893,127584
19:36:59,182396,159139
19:37:00,40305,144490
19:37:01,121702,142260
19:37:03,141793,149553
19:37:04,180155,130094
19:37:05,1718,72616
19:37:06,176,164
19:37:07,110,54
19:37:08,81927,82220
19:37:09,4096,4096
19:37:10,1644,1184
19:37:11,110,162
19:37:12,110,110
19:37:13,4439,4541
19:37:14,42762,38591
19:37:15,1404,5676
19:37:16,294114,204539
19:37:17,181757,166308
19:37:18,109112,129594
19:37:19,103778,85770
19:37:20,154616,237195
19:37:21,178448,130749
19:37:22,78288,133884
19:37:23,52873,186421
19:37:24,83488,89725
19:37:25,47897,43220
19:37:26,176,3317
19:37:27,58767,53127
19:37:28,176,3622
19:37:29,145804,135615
19:37:30,531,4873
19:37:31,275087,172220
19:37:32,3152,130574
19:37:33,267427,155706
19:37:34,3442,125472
19:37:35,243161,219542
19:37:36,1608,66464
19:37:37,269624,187678
19:37:38,3292,119528
19:37:39,291920,178605
19:37:40,2372,118612
19:37:41,276272,198198
19:37:42,4969,98575
19:37:43,288766,173516
19:37:44,2792,138752
19:37:45,310811,123589
19:37:46,187296,210730
19:37:47,15881,112212
19:37:48,205159,128057
19:37:49,177396,186366
19:37:50,61876,108090
19:37:51,16211,139676
19:37:52,297910,208905
19:37:53,16576,148028
19:37:54,140376,84283
19:37:55,269397,170354
19:37:56,25790,164560
19:37:58,228661,163396
19:37:59,2714,130010
19:38:00,161978,175370
19:38:01,141654,132768
19:38:02,217031,125277
19:38:03,17808,192442
19:38:04,117420,127046
19:38:05,13900,11693
19:38:06,211112,206714
19:38:07,14384,30412
19:38:08,206046,231506
19:38:09,13648,11639
19:38:10,228352,244203
19:38:11,13914,15490
19:38:12,199650,207956
19:38:13,13890,17160
19:38:14,4929,195721
19:38:15,14230,18290
19:38:16,178404,266079
19:38:17,15857,119747
19:38:18,351118,174809
19:38:19,30935,120888
19:38:20,233380,212506
19:38:21,103006,99534
19:38:22,28305,169544
19:38:23,227089,155391
19:38:24,2072,101266
19:38:25,238127,215614
19:38:26,2854,140434
19:38:27,216265,120631
19:38:28,178804,161515
19:38:29,16984,165824
19:38:30,121934,148460
19:38:31,105244,98491
19:38:32,110,4450
19:38:33,143979,139374
19:38:34,110,110
19:38:35,111103,107183
19:38:36,110,110
19:38:37,99117,95048
19:38:38,110,2481
19:38:39,97979,91093
19:38:40,657,3844
19:38:41,81771,79444
19:38:42,176,164
19:38:43,36667,35551
19:38:44,110,66
19:38:45,110,110
19:38:46,110,110
19:38:47,110,110
19:38:48,110,110
19:38:49,110,110
19:38:50,591,506
19:38:51,110,110
19:38:52,164,164
19:38:53,110,110
19:38:55,110,110
19:38:56,176,164
19:38:57,176,164
19:38:58,110,110
19:38:59,110,110
19:39:00,4836,4703
19:39:01,110,162
19:39:02,110,110
19:39:03,110,110
19:39:04,110,110
19:39:05,266,218
19:39:06,176,164
19:39:07,0,0
19:39:08,0,0
19:39:09,110,110
19:39:10,110,110
19:39:11,242,274
19:39:12,242,218
19:39:13,110,54
19:39:14,110,110
19:39:15,1117,1170
19:39:16,7829,7986
19:39:17,110,66
19:39:18,110,110
19:39:19,110,110
19:39:20,411,340
19:39:21,110,108
19:39:22,110,110
19:39:23,430,2412
19:39:24,538,2440
19:39:25,110,110
19:39:26,110,110
19:39:27,224,224
19:39:28,110,110
19:39:29,110,110
19:39:30,371,220
19:39:31,164,343
19:39:32,110,110
19:39:33,110,110
19:39:34,110,110
19:39:35,110,110
19:39:36,610,626
19:39:37,110,110
19:39:38,110,110
19:39:39,0,0
19:39:40,2299,2811
19:39:41,536,982
19:39:42,482,630
19:39:43,588,534
19:39:44,960,852
19:39:45,854,1060
19:39:46,694,640
19:39:47,1170,1170
19:39:48,960,1182
19:39:49,694,1018
19:39:50,544,432
19:39:52,659,863
19:39:53,14510,13817
19:39:54,18467,17965
19:39:55,71375,69761
19:39:56,2015,2043
19:39:57,2129,1985
19:39:58,110,110
19:39:59,110,110
19:40:00,2410,2392
19:40:01,176,120
19:40:02,496,664
19:40:03,380,380
19:40:04,110,90
19:40:05,739,903
19:40:06,419,375
19:40:07,110,110
19:40:08,110,110
19:40:09,0,0
19:40:10,110,0
19:40:11,110,110
19:40:12,110,110
19:40:13,110,110
19:40:14,110,110
19:40:15,110,110
19:40:16,110,110
19:40:17,5099,4079
19:40:18,110,1188
19:40:19,110,110
19:40:20,609,556
19:40:21,242,218
19:40:22,110,54
19:40:23,110,110
19:40:24,242,274
19:40:25,176,108
19:40:26,176,164
19:40:27,224,224
19:40:28,110,110
19:40:29,176,164
19:40:30,176,164
19:40:31,110,110
19:40:32,110,110
19:40:33,110,110
19:40:34,110,110
19:40:35,0,0
19:40:36,110,110
19:40:37,110,110
19:40:38,110,110
19:40:39,110,110
19:40:40,314,334
19:40:41,110,54
19:40:42,176,220
19:40:43,176,164
19:40:44,110,54
19:40:45,152,152
19:40:46,110,110
19:40:48,110,110
19:40:49,110,110
19:40:50,110,110
19:40:51,224,224
19:40:52,110,110
19:40:53,110,110
19:40:54,110,110
19:40:55,110,110
19:40:56,1418,1538
19:40:57,242,274
19:40:58,110,54
19:40:59,110,110
19:41:00,110,110
19:41:01,176,164
19:41:02,66,110
19:41:03,1366,1080
19:41:04,745,1589
19:41:05,739,5417
19:41:06,1098,2461
19:41:07,764,982
19:41:08,332,272
19:41:09,350,227
19:41:10,110,110
19:41:11,110,110
19:41:12,110,110
19:41:13,371,399
19:41:14,110,110
19:41:15,110,110
19:41:16,110,110
19:41:17,110,110
19:41:18,4987,5045
19:41:19,110,110
19:41:20,477,392
19:41:21,110,110
19:41:22,110,110
19:41:23,110,110
19:41:24,110,110
19:41:25,176,164
19:41:26,176,164
19:41:27,224,224
19:41:28,110,110
19:41:29,110,110
19:41:30,66,110
19:41:31,66,110
19:41:32,322,324
19:41:33,748,826
19:41:34,110,266
19:41:35,110,110
19:41:36,534,538
19:41:37,588,534
19:41:38,270,212
19:41:39,590,3760
19:41:40,580,802
19:41:41,430,2088
19:41:43,1278,3666
19:41:44,2230,7894
19:41:45,2496,8156
19:41:46,3515,6363
19:41:47,2350,7448
19:41:48,1648,6246
19:41:49,657,2099
19:41:50,544,1930
19:41:51,7811,7951
19:41:52,536,802
19:41:53,322,326
19:41:54,642,534
19:41:55,54,0
19:41:56,482,428
19:41:57,376,322
19:41:58,482,428
19:41:59,668,892
19:42:00,376,604
19:42:01,482,982
19:42:02,588,534
19:42:03,270,334
19:42:04,706,3596
19:42:05,110,110
19:42:06,110,110
19:42:07,110,110
19:42:08,110,110
19:42:09,110,110
19:42:10,110,110
19:42:11,110,110
19:42:12,110,110
19:42:13,242,274
19:42:14,110,54
19:42:15,110,110
19:42:16,242,218
19:42:17,110,110
19:42:18,3394,3474
19:42:19,1497,1517
19:42:20,717,554
19:42:21,110,110
19:42:22,110,110
19:42:23,0,0
19:42:24,110,110
19:42:25,176,220
19:42:26,176,108
19:42:27,356,388
19:42:28,110,54
19:42:29,176,220
19:42:30,242,218
19:42:31,176,164
19:42:32,110,54
19:42:33,164,220
19:42:34,110,54
19:42:35,809,973
19:42:36,845,697
19:42:37,696,736
19:42:39,588,786
19:42:40,224,224
19:42:41,200,164
19:42:42,110,110
19:42:43,110,110
19:42:44,588,588
19:42:45,800,750
19:42:46,270,446
19:42:47,588,614
19:42:48,588,820
19:42:49,800,746
19:42:50,818,702
19:42:51,864,970
19:42:52,376,498
19:42:53,270,212
19:42:54,110,110
19:42:55,110,110
19:42:56,0,0
19:42:57,110,110
19:42:58,110,110
19:42:59,478,1114
19:43:00,164,410
19:43:01,110,110
19:43:02,110,110
19:43:03,110,110
19:43:04,110,110
19:43:05,110,110
19:43:06,110,110
19:43:07,110,110
19:43:08,110,110
19:43:09,110,110
19:43:10,176,220
19:43:11,176,108
19:43:12,110,110
19:43:13,110,110
19:43:14,110,110
19:43:15,110,110
19:43:16,110,110
19:43:17,110,110
19:43:18,110,110
19:43:19,3514,3628
19:43:20,1732,1591
19:43:21,110,110
19:43:22,110,110
19:43:23,15027,15969
19:43:24,75204,73463
19:43:25,2571,2409
19:43:26,23370,9486
19:43:27,7409,14688
19:43:28,242,7133
19:43:29,22300,17149
19:43:30,4133,9356
19:43:31,110,66
19:43:32,242,274
19:43:34,110,54
19:43:35,110,110
19:43:36,176,220
19:43:37,17244,2854
19:43:38,176730,187604
19:43:39,18053,19950
19:43:40,1859,2643
19:43:41,1123,716
19:43:42,5461,5389
19:43:43,6387,4352
19:43:44,110,2730
19:43:45,1314,274
19:43:46,2984,4012
19:43:47,4124,4178
19:43:48,110,110
19:43:49,8394,5750
19:43:50,766,3302
19:43:51,110,108
19:43:52,544,304
19:43:53,8579,6359
19:43:54,110,2730
19:43:55,110,110
19:43:56,110,110
19:43:57,4200,1568
19:43:58,110,2730
19:43:59,110,110
19:44:00,381,340
19:44:01,652,392
19:44:02,4601,2357
19:44:03,164,2784
19:44:04,110,110
19:44:05,110,110
19:44:06,110,110
19:44:07,110,110
19:44:08,110,110
19:44:09,110,110
19:44:10,381,340
19:44:11,110,108
19:44:12,110,110
19:44:13,110,110
19:44:14,110,110
19:44:15,110,110
19:44:16,1040,1160
19:44:17,110,110
19:44:18,110,110
19:44:19,110,110
19:44:20,4647,4869
19:44:21,164,66
19:44:22,110,110
19:44:23,110,110
19:44:24,110,110
19:44:25,110,110
19:44:26,114,110
19:44:27,110,114
19:44:29,110,110
19:44:30,110,110
19:44:31,477,392
19:44:32,242,274
19:44:33,110,54
19:44:34,110,110
19:44:35,110,110
19:44:36,110,110
19:44:37,110,110
19:44:38,110,110
19:44:39,110,110
19:44:40,224,224
19:44:41,464,436
19:44:42,176,164
19:44:43,176,108
19:44:44,110,110
19:44:45,110,110
19:44:46,110,110
19:44:47,110,110
19:44:48,110,110
19:44:49,110,110
19:44:50,224,224
19:44:51,110,110
19:44:52,110,110
19:44:53,176,164
19:44:54,176,164
19:44:55,42,110
19:44:56,110,42
19:44:57,110,110
19:44:58,110,110
19:44:59,110,110
19:45:00,110,110
19:45:01,164,220
19:45:02,110,54
19:45:03,110,110
19:45:04,110,110
19:45:05,110,110
19:45:06,730,894
19:45:07,419,177
19:45:08,110,110
19:45:09,110,110
19:45:10,110,110
19:45:11,110,110
19:45:12,110,110
19:45:13,110,110
19:45:14,110,110
19:45:15,726,534
19:45:16,2252,2574
19:45:17,19764,5154
19:45:18,21943,36105
19:45:19,12195,17010
19:45:20,16987,6111
19:45:21,4539,4761
19:45:22,164,66
19:45:24,110,110
19:45:25,110,110
19:45:26,110,110
19:45:27,110,110
19:45:28,110,114
19:45:29,110,110
19:45:30,585,460
19:45:31,273,270
19:45:32,110,110
19:45:33,110,110
19:45:34,110,110
19:45:35,110,110
19:45:36,110,110
19:45:37,110,110
19:45:38,110,110
19:45:39,172,164
19:45:40,547,567
19:45:41,200,164
19:45:42,110,110
19:45:43,205,233
19:45:44,110,110
19:45:45,110,110
19:45:46,110,110
19:45:47,534,592
19:45:48,638,530
19:45:49,230,216
19:45:50,834,802
19:45:51,5707,1722
19:45:52,15686,3127
19:45:53,496,432
19:45:54,5181,4372
19:45:55,110,1233
19:45:56,110,110
19:45:57,1040,1160
19:45:58,694,644
19:45:59,800,746
19:46:00,1009,816
19:46:01,110,106
19:46:02,454,434
19:46:03,376,318
19:46:04,588,534
19:46:05,450,328
19:46:06,376,536
19:46:07,376,326
19:46:08,536,598
19:46:09,110,314
19:46:10,110,110
19:46:11,534,538
19:46:12,796,780
19:46:13,5832,2522
19:46:14,273,162
19:46:15,0,0
19:46:16,110,110
19:46:17,110,110
19:46:18,110,110
19:46:19,110,110
19:46:21,362,350
19:46:22,110,110
19:46:23,4864,3748
19:46:24,110,1218
19:46:25,110,110
19:46:26,110,110
19:46:27,110,110
19:46:28,224,224
19:46:29,110,110
19:46:30,543,502
19:46:31,242,162
19:46:32,176,164
19:46:33,110,110
19:46:34,286,232
19:46:35,4234,968
19:46:36,1116,1355
19:46:37,860,881
19:46:38,110,110
19:46:39,110,110
19:46:40,114,110
19:46:41,200,224
19:46:42,110,54
19:46:43,110,110
19:46:44,110,110
19:46:45,110,110
19:46:46,242,274
19:46:47,953,970
19:46:48,110,157
19:46:49,110,110
19:46:50,224,220
19:46:51,2764,2792
19:46:52,110,66
19:46:53,110,110
19:46:54,242,274
19:46:55,110,54
19:46:56,110,110
19:46:57,110,110
19:46:58,110,110
19:46:59,110,110
19:47:00,110,110
19:47:01,176,164
19:47:02,176,164
19:47:03,110,110
19:47:04,110,110
19:47:05,110,110
19:47:06,110,110
19:47:07,224,224
19:47:08,0,0
19:47:09,176,220
19:47:10,176,164
19:47:11,110,54
19:47:12,110,110
19:47:13,110,110
19:47:14,110,110
19:47:15,152,220
19:47:17,110,42
19:47:18,110,110
19:47:19,176,220
19:47:20,176,108
19:47:21,362,350
19:47:22,110,110
19:47:23,110,110
19:47:24,4703,3682
19:47:25,110,1189
19:47:26,110,110
19:47:27,224,224
19:47:28,110,110
19:47:29,110,110
19:47:30,477,340
19:47:31,110,162
19:47:32,110,110
19:47:33,110,110
19:47:34,110,110
19:47:35,110,110
19:47:36,110,110
19:47:37,1041,1093
19:47:38,0,0
19:47:39,110,178
19:47:40,224,220
19:47:41,200,224
19:47:42,110,54
19:47:43,110,110
19:47:44,110,110
19:47:45,110,110
19:47:46,110,110
19:47:47,110,110
19:47:48,110,110
19:47:49,110,110
19:47:50,224,220
19:47:51,110,114
19:47:52,110,110
19:47:53,110,110
19:47:54,110,110
19:47:55,164,164
19:47:56,110,110
19:47:57,110,110
19:47:58,110,110
19:47:59,110,110
19:48:00,110,110
19:48:01,218,274
19:48:02,238,206
19:48:03,176,108
19:48:04,238,274
19:48:05,110,54
19:48:06,0,0
19:48:07,110,0
19:48:08,110,110
19:48:09,110,110
19:48:10,110,110
19:48:12,110,110
19:48:13,110,110
19:48:14,110,110
19:48:15,110,110
19:48:16,110,110
19:48:17,218,164
19:48:18,110,110
19:48:19,110,110
19:48:20,110,110
19:48:21,560,568
19:48:22,176,108
19:48:23,218,164
19:48:24,110,110
19:48:25,4797,4855
19:48:26,110,110
19:48:27,286,334
19:48:28,1431,1495
19:48:29,110,110
19:48:30,477,392
19:48:31,110,110
19:48:32,168,164
19:48:33,110,110
19:48:34,110,110
19:48:35,0,0
19:48:36,110,110
19:48:37,110,110
19:48:38,110,110
19:48:39,110,110
19:48:40,356,388
19:48:41,200,108
19:48:42,110,110
19:48:43,110,110
19:48:44,110,110
19:48:45,110,110
19:48:46,110,110
19:48:47,110,110
19:48:48,110,110
19:48:49,110,110
19:48:50,224,220
19:48:51,110,114
19:48:52,110,110
19:48:53,110,110
19:48:54,110,110
19:48:55,152,152
19:48:56,110,110
19:48:57,110,110
19:48:58,110,110
19:48:59,110,110
19:49:00,110,110
19:49:01,176,164
19:49:02,176,164
19:49:03,110,110
19:49:04,0,0
19:49:05,110,0
19:49:06,110,110
19:49:08,110,110
19:49:09,110,110
19:49:10,110,110
19:49:11,110,110
19:49:12,110,110
19:49:13,176,164
19:49:14,110,54
19:49:15,110,110
19:49:16,110,110
19:49:17,218,220
19:49:18,1021,1018
19:49:19,242,341
19:49:20,110,54
19:49:21,362,359
19:49:22,110,101
19:49:23,110,110
19:49:24,110,110
19:49:25,110,110
19:49:26,110,110
19:49:27,4817,4941
19:49:28,371,220
19:49:29,110,289
19:49:30,477,392
19:49:31,110,110
19:49:32,110,110
19:49:33,110,110
19:49:34,205,233
19:49:35,164,164
19:49:36,54,0
19:49:37,110,110
19:49:38,176,220
19:49:39,176,164
19:49:40,224,164
19:49:41,332,332
19:49:42,110,54
19:49:43,110,110
19:49:44,110,110
19:49:45,176,220
19:49:46,176,164
19:49:47,110,54
19:49:48,110,110
19:49:49,224,220
19:49:50,110,114
19:49:51,110,110
19:49:52,110,110
19:49:53,110,110
19:49:54,152,220
19:49:55,110,42
19:49:56,110,110
19:49:57,110,110
19:49:58,110,110
19:49:59,176,164
19:50:00,176,164
19:50:01,110,110
19:50:03,110,110
19:50:04,0,110
19:50:05,0,0
19:50:06,110,110
19:50:07,110,110
19:50:08,1039,1092
19:50:09,110,177
19:50:10,110,110
19:50:11,110,110
19:50:12,404,416
19:50:13,3816,3709
19:50:14,110,54
19:50:15,110,110
19:50:16,110,110
19:50:17,110,110
19:50:18,110,220
19:50:19,176,164
19:50:20,284,284
19:50:21,590,609
19:50:22,176,101
19:50:23,110,110
19:50:24,242,218
19:50:25,110,110
19:50:26,242,274
19:50:27,224,164
19:50:28,4866,4862
19:50:29,110,110
19:50:30,771,686
19:50:31,110,110
19:50:32,110,110
19:50:33,0,0
19:50:34,110,110
19:50:35,110,110
19:50:36,110,110
19:50:37,258,274
19:50:38,110,54
19:50:39,518,530
19:50:40,110,98
19:50:41,200,164
19:50:42,110,110
19:50:43,110,110
19:50:44,110,110
19:50:45,110,110
19:50:46,110,110
19:50:47,110,110
19:50:48,404,416
19:50:49,224,208
19:50:50,200,232
19:50:51,192,220
19:50:52,110,110
19:50:53,110,110
19:50:54,152,152
19:50:55,110,110
19:50:56,176,220
19:50:58,470,402
19:50:59,930,983
19:51:00,0,0
19:51:01,110,110
19:51:02,172,220
19:51:03,172,164
19:51:04,304,272
19:51:05,110,54
19:51:06,110,110
19:51:07,404,416
19:51:08,176,208
19:51:09,308,272
19:51:10,5995,5091
19:51:11,23174,23968
19:51:12,8917,9083
19:51:13,16596,16049
19:51:14,1257,1788
19:51:15,110,110
19:51:16,404,416
19:51:17,110,98
19:51:18,590,618
19:51:19,242,218
19:51:20,15462,796
19:51:21,110,540
19:51:22,110,110
19:51:23,110,110
19:51:24,0,0
19:51:25,294,306
19:51:26,110,98
19:51:27,290,274
19:51:28,176,224
19:51:29,4766,3638
19:51:30,477,1416
19:51:31,110,162
19:51:32,110,110
19:51:33,110,110
19:51:34,404,416
19:51:35,618,468
19:51:36,23922,23752
19:51:37,19816,17825
19:51:38,1665,3870
19:51:39,224,220
19:51:40,32097,18438
19:51:41,8623,8994
19:51:42,1665,1418
19:51:43,176,164
19:51:44,470,458
19:51:45,110,110
19:51:46,110,110
19:51:47,110,110
19:51:48,1039,1159
19:51:49,290,278
19:51:50,3370,3396
19:51:52,110,110
19:51:53,110,110
19:51:54,294,306
19:51:55,110,98
19:51:56,110,110
19:51:57,110,110
19:51:58,110,110
19:51:59,110,110
19:52:00,110,110
19:52:01,110,110
19:52:02,176,220
19:52:03,536,512
19:52:04,176,164
19:52:05,110,54
19:52:06,110,110
19:52:07,110,110
19:52:08,110,110
19:52:09,110,110
19:52:10,110,110
19:52:11,110,110
19:52:12,404,404
19:52:13,110,110
19:52:14,110,110
19:52:15,152,152
19:52:16,110,110
19:52:17,110,110
19:52:18,110,110
19:52:19,110,110
19:52:20,0,110
19:52:21,294,306
19:52:22,110,98
19:52:23,110,110
19:52:24,172,220
19:52:25,172,164
19:52:26,110,54
19:52:27,298,334
19:52:28,184,164
19:52:29,176,164
19:52:30,3874,3886
19:52:31,1470,1394
19:52:32,110,110
19:52:33,218,220
19:52:34,110,54
19:52:35,110,110
19:52:36,110,110
19:52:37,110,110
19:52:38,1040,1093
19:52:39,650,572
19:52:40,567,446
19:52:41,110,54
19:52:42,110,110
19:52:43,110,110
19:52:44,110,110
19:52:46,110,110
19:52:47,110,110
19:52:48,110,110
19:52:49,404,404
19:52:50,224,224
19:52:51,164,164
19:52:52,110,110
19:52:53,0,0
19:52:54,110,110
19:52:55,110,110
19:52:56,242,274
19:52:57,110,54
19:52:58,404,416
19:52:59,110,98
19:53:00,110,110
19:53:01,110,110
19:53:02,110,110
19:53:03,110,110
19:53:04,110,110
19:53:05,152,152
19:53:06,242,274
19:53:07,404,360
19:53:08,176,208
19:53:09,176,108
19:53:10,110,110
19:53:11,110,110
19:53:12,110,110
19:53:13,110,110
19:53:14,110,110
19:53:15,110,110
19:53:16,470,514
19:53:17,176,108
19:53:18,110,110
19:53:19,110,110
19:53:20,110,110
19:53:21,110,110
19:53:22,110,110
19:53:23,0,0
19:53:24,110,110
19:53:25,404,416
19:53:26,110,98
19:53:27,224,220
19:53:28,731,899
19:53:29,419,375
19:53:30,110,110
19:53:31,4806,3748
19:53:32,164,1214
19:53:33,110,110
19:53:34,404,416
19:53:35,110,98
19:53:36,176,220
19:53:37,176,108
19:53:38,110,110
19:53:40,224,220
19:53:41,633,560
19:53:42,176,108
19:53:43,110,110
19:53:44,404,416
19:53:45,110,98
19:53:46,110,110
19:53:47,110,110
19:53:48,110,110
19:53:49,110,110
19:53:50,667,695
19:53:51,110,110
19:53:52,110,110
19:53:53,404,416
19:53:54,0,0
19:53:55,110,0
19:53:56,110,110
19:53:57,110,110
19:53:58,110,110
19:53:59,110,110
19:54:00,110,110
19:54:01,110,110
19:54:02,110,110
19:54:03,458,458
19:54:04,110,110
19:54:05,152,152
19:54:06,110,110
19:54:07,110,110
19:54:08,242,274
19:54:09,110,54
19:54:10,110,110
19:54:11,110,110
19:54:12,404,404
19:54:13,110,110
19:54:14,110,110
19:54:15,110,110
19:54:16,234,218
19:54:17,110,110
19:54:18,176,164
19:54:19,1106,1214
19:54:20,0,0
19:54:21,294,306
19:54:22,110,98
19:54:23,110,110
19:54:24,110,110
19:54:25,110,110
19:54:26,110,110
19:54:27,224,220
19:54:28,242,278
19:54:29,110,164
19:54:30,306,294
19:54:31,110,110
19:54:32,4714,3748
19:54:33,164,1188
19:54:35,5902,6145
19:54:36,8955,8576
19:54:37,1004,1507
19:54:38,110,110
19:54:39,110,110
19:54:40,1101,988
19:54:41,526,432
19:54:42,110,110
19:54:43,110,110
19:54:44,110,110
19:54:45,110,110
19:54:46,110,110
19:54:47,110,110
19:54:48,110,110
19:54:49,404,404
19:54:50,224,224
19:54:51,172,164
19:54:52,62,110
19:54:53,0,0
19:54:54,110,110
19:54:55,110,110
19:54:56,110,110
19:54:57,110,110
19:54:58,404,416
19:54:59,110,98
19:55:00,110,110
19:55:01,110,110
19:55:02,110,110
19:55:03,110,110
19:55:04,110,110
19:55:05,152,152
19:55:06,110,110
19:55:07,718,697
19:55:08,110,110
19:55:09,1106,1147
19:55:10,176,231
19:55:11,110,110
19:55:12,110,110
19:55:13,110,110
19:55:14,110,110
19:55:15,0,0
19:55:16,404,416
19:55:17,110,98
19:55:18,164,220
19:55:19,110,54
19:55:20,110,110
19:55:21,110,110
19:55:22,110,110
19:55:23,110,110
19:55:24,176,220
19:55:25,470,458
19:55:26,110,54
19:55:27,224,220
19:55:29,374,386
19:55:30,110,54
19:55:31,110,110
19:55:32,110,110
19:55:33,110,110
19:55:34,4766,3694
19:55:35,404,1480
19:55:36,110,110
19:55:37,110,110
19:55:38,110,110
19:55:39,110,110
19:55:40,657,560
19:55:41,266,218
19:55:42,110,110
19:55:43,110,110
19:55:44,294,306
19:55:45,110,98
19:55:46,110,110
19:55:47,110,110
19:55:48,110,110
19:55:49,110,110
19:55:50,224,220
19:55:51,110,114
19:55:52,110,110
19:55:53,512,568
19:55:54,164,54
19:55:55,110,110
19:55:56,110,110
19:55:57,110,110
19:55:58,110,110
19:55:59,730,894
19:56:00,804,760
19:56:01,110,110
19:56:02,404,416
19:56:03,110,98
19:56:04,110,110
19:56:05,110,110
19:56:06,234,274
19:56:07,224,168
19:56:08,110,110
19:56:09,110,110
19:56:10,110,110
19:56:11,404,404
19:56:12,242,218
19:56:13,110,110
19:56:14,0,0
19:56:15,0,0
19:56:16,110,110
19:56:17,110,110
19:56:18,110,110
19:56:19,110,110
19:56:20,404,416
19:56:21,110,98
19:56:23,88820,88231
19:56:24,96342,106002
19:56:25,176,128
19:56:26,110,220
19:56:27,224,184
19:56:28,191065,187051
19:56:29,309015,215363
19:56:30,73928,62932
19:56:31,110,108
19:56:32,110,110
19:56:33,110,110
19:56:34,110,110
19:56:35,4769,4827
19:56:36,110,110
19:56:37,110,110
19:56:38,5105,5576
19:56:39,110,220
19:56:40,1058,918
19:56:41,200,164
19:56:42,110,110
19:56:43,0,0
19:56:44,110,110
19:56:45,110,110
19:56:46,110,110
19:56:47,110,110
19:56:48,176,220
19:56:49,470,404
19:56:50,3886,3926
19:56:51,242,278
19:56:52,176,108
19:56:53,176,164
19:56:54,110,110
19:56:55,110,110
19:56:56,110,110
19:56:57,208,220
19:56:58,208,196
19:56:59,3891,3692
19:57:00,284,296
19:57:01,110,110
19:57:02,110,110
19:57:03,110,110
19:57:04,110,110
19:57:05,110,110
19:57:06,208,220
19:57:07,306,196
19:57:08,176,164
19:57:09,66,110
19:57:10,54,110
19:57:11,110,54
19:57:12,110,110
19:57:13,176,220
19:57:14,176,164
19:57:15,536,468
19:57:17,110,98
19:57:18,110,110
19:57:19,110,110
19:57:20,110,110
19:57:21,110,110
19:57:22,110,110
19:57:23,110,110
19:57:24,176,220
19:57:25,446,402
19:57:26,110,98
19:57:27,224,220
19:57:28,110,114
19:57:29,110,110
19:57:30,110,110
19:57:31,110,110
19:57:32,110,110
19:57:33,110,110
19:57:34,404,416
19:57:35,110,98
19:57:36,110,110
19:57:37,4768,4772
19:57:38,110,110
19:57:39,110,110
19:57:40,1720,1719
19:57:41,156,164
19:57:42,0,0
19:57:43,404,416
19:57:44,110,98
19:57:45,176,220
19:57:46,110,54
19:57:47,110,110
19:57:48,110,110
19:57:49,278,274
19:57:50,164,114
19:57:51,176,220
19:57:52,470,414
19:57:53,176,208
19:57:54,176,108
19:57:55,110,110
19:57:56,110,110
19:57:57,110,110
19:57:58,110,110
19:57:59,110,110
19:58:00,110,110
19:58:01,566,578
19:58:02,110,98
19:58:03,110,110
19:58:04,302,302
19:58:05,110,110
19:58:06,110,110
19:58:07,176,220
19:58:09,176,108
19:58:10,958,958
19:58:11,670,628
19:58:12,324,374
19:58:13,110,110
19:58:14,0,0
19:58:15,248,110
19:58:16,482,460
19:58:17,376,322
19:58:18,854,746
19:58:19,536,428
19:58:20,828,828
19:58:21,906,852
19:58:22,878,798
19:58:23,324,382
19:58:24,216,220
19:58:25,644,652
19:58:26,606,702
19:58:27,4952,1843
19:58:28,860,831
19:58:29,110,110
19:58:30,1236,1422
19:58:31,262,196
19:58:32,110,110
19:58:33,960,1042
19:58:34,428,636
19:58:35,376,680
19:58:36,110,110
19:58:37,172,164
19:58:38,4768,4826
19:58:39,404,404
19:58:40,591,506
19:58:41,156,164
19:58:42,176,164
19:58:43,172,164
19:58:44,110,54
19:58:45,216,274
19:58:46,958,958
19:58:47,376,322
19:58:48,948,1642
19:58:49,410,272
19:58:50,110,54
19:58:51,110,110
19:58:52,110,110
19:58:53,270,220
19:58:54,376,428
19:58:55,110,250
19:58:56,430,322
19:58:57,830,726
19:58:58,708,694
19:58:59,176,512
19:59:00,110,110
19:59:01,110,110
19:59:03,110,110
19:59:04,110,110
19:59:05,588,534
19:59:06,270,216
19:59:07,618,1074
19:59:08,110,110
19:59:09,110,110
19:59:10,110,110
19:59:11,110,110
19:59:12,110,110
19:59:13,0,0
19:59:14,0,0
19:59:15,284,328
19:59:16,532,512
19:59:17,110,54
19:59:18,110,110
19:59:19,110,110
19:59:20,731,895
19:59:21,419,375
19:59:22,110,110
19:59:23,164,220
19:59:24,110,54
19:59:25,404,416
19:59:26,110,98
19:59:27,3315,3594
19:59:28,224,168
19:59:29,110,110
19:59:30,284,340
19:59:31,110,66
19:59:32,110,110
19:59:33,110,110
19:59:34,404,404
19:59:35,110,110
19:59:36,110,110
19:59:37,110,110
19:59:38,3526,3636
19:59:39,1545,1523
19:59:40,543,502
19:59:41,266,162
19:59:42,54,110
19:59:43,426,458
19:59:44,110,54
19:59:45,172,220
19:59:46,234,218
19:59:47,110,54
19:59:48,110,110
19:59:49,224,220
19:59:50,110,114
19:59:51,110,110
19:59:52,404,416
19:59:53,110,98
19:59:54,110,110
19:59:55,176,220
19:59:56,176,108
19:59:58,110,110
19:59:59,110,110
20:00:00,110,110
20:00:01,910,1129
20:00:02,21700,24581
20:00:03,390412,266588
20:00:04,42572,158734
20:00:05,1894,67674
20:00:06,110,110
20:00:07,296,328
20:00:08,164,54
20:00:09,110,110
20:00:10,1736,1480
20:00:11,1040,1158
20:00:12,110,110
20:00:13,110,110
20:00:14,110,110
20:00:15,110,110
20:00:16,110,110
20:00:17,242,218
20:00:18,110,110
20:00:19,0,0
20:00:20,110,110
20:00:21,110,110
20:00:22,110,110
20:00:23,110,110
20:00:24,176,220
20:00:25,176,164
20:00:26,110,54
20:00:27,224,220
20:00:28,110,114
20:00:29,218,220
20:00:30,110,58
20:00:31,110,110
20:00:32,110,110
20:00:33,110,110
20:00:34,110,110
20:00:35,152,152
20:00:36,800,860
20:00:37,654,696
20:00:38,442,428
20:00:39,598,528
20:00:40,4981,3990
20:00:41,2586,3699
20:00:42,536,428
20:00:43,482,904
20:00:44,320,408
20:00:45,320,376
20:00:46,979,1732
20:00:47,659,824
20:00:48,164,211
20:00:49,110,110
20:00:51,477,396
20:00:52,110,110
20:00:53,110,110
20:00:54,110,110
20:00:55,110,110
20:00:56,110,110
20:00:57,110,110
20:00:58,110,110
20:00:59,110,110
20:01:00,110,110
20:01:01,1040,1093
20:01:02,110,177
20:01:03,242,274
20:01:04,242,218
20:01:05,242,218
20:01:06,242,162
20:01:07,450,372
20:01:08,482,432
20:01:09,324,212
20:01:10,1066,1070
20:01:11,1342,1518
20:01:12,430,338
20:01:13,796,746
20:01:14,536,428
20:01:15,760,694
20:01:16,602,482
20:01:17,1436,1382
20:01:18,270,460
20:01:19,366,318
20:01:20,176,108
20:01:21,110,110
20:01:22,110,110
20:01:23,270,248
20:01:24,110,110
20:01:25,110,110
20:01:26,216,220
20:01:27,224,252
20:01:28,270,760
20:01:29,110,110
20:01:30,110,110
20:01:31,110,110
20:01:32,110,110
20:01:33,110,110
20:01:34,110,110
20:01:35,534,538
20:01:36,286,216
20:01:37,860,13742
20:01:38,110,110
20:01:39,114,110
20:01:40,200,224
20:01:41,4706,4814
20:01:42,376,284
20:01:43,854,858
20:01:45,216,232
20:01:46,482,476
20:01:47,110,570
20:01:48,176,164
20:01:49,110,110
20:01:50,477,340
20:01:51,3257,3543
20:01:52,6048,5214
20:01:53,17050,17655
20:01:54,18811,19399
20:01:55,164,66
20:01:56,110,110
20:01:57,110,110
20:01:58,110,110
20:01:59,2190,2190
20:02:00,31348,17164
20:02:01,164,108
20:02:02,110,110
20:02:03,6947,7197
20:02:04,16323,16167
20:02:05,8620,7956
20:02:06,164,828
20:02:07,110,110
20:02:08,110,110
20:02:09,270,220
20:02:10,1078,1164
20:02:11,430,340
20:02:12,376,530
20:02:13,444,758
20:02:14,176,164
20:02:15,110,54
20:02:16,216,220
20:02:17,708,876
20:02:18,562,786
20:02:19,1068,984
20:02:20,110,54
20:02:21,110,110
20:02:22,110,110
20:02:23,110,110
20:02:24,110,110
20:02:25,110,110
20:02:26,110,110
20:02:27,436,488
20:02:28,934,1324
20:02:29,640,658
20:02:30,588,674
20:02:31,430,592
20:02:32,482,556
20:02:33,430,402
20:02:34,324,292
20:02:35,160,110
20:02:36,110,154
20:02:37,164,234
20:02:38,216,220
20:02:40,438,354
20:02:41,626,606
20:02:42,1094,1037
20:02:43,4702,4937
20:02:44,430,432
20:02:45,430,482
20:02:46,442,568
20:02:47,656,722
20:02:48,324,216
20:02:49,270,212
20:02:50,751,778
20:02:51,694,1000
20:02:52,588,626
20:02:53,172,220
20:02:54,756,978
20:02:55,800,1242
20:02:56,1966,1912
20:02:57,954,1028
20:02:58,4826,1614
20:02:59,1246,1460
20:03:00,164,170
20:03:01,110,110
20:03:02,110,110
20:03:03,110,110
20:03:04,0,0
20:03:05,110,110
20:03:06,110,110
20:03:07,110,110
20:03:08,110,110
20:03:09,110,110
20:03:10,110,110
20:03:11,110,110
20:03:12,110,110
20:03:13,110,110
20:03:14,110,110
20:03:15,110,110
20:03:16,110,110
20:03:17,110,110
20:03:18,110,110
20:03:19,110,110
20:03:20,110,110
20:03:21,110,110
20:03:22,110,110
20:03:23,110,110
20:03:24,152,152
20:03:25,110,110
20:03:26,110,110
20:03:27,224,224
20:03:28,110,110
20:03:29,110,110
20:03:30,286,232
20:03:31,1879,1847
20:03:32,1802,2215
20:03:34,1144,474
20:03:35,110,110
20:03:36,0,0
20:03:37,110,110
20:03:38,110,110
20:03:39,110,110
20:03:40,822,920
20:03:41,1952,2504
20:03:42,374,400
20:03:43,172,108
20:03:44,110,110
20:03:45,4834,4936
20:03:46,110,1188
20:03:47,110,110
20:03:48,110,110
20:03:49,110,110
20:03:50,477,340
20:03:51,290,330
20:03:52,176,164
20:03:53,110,110
20:03:54,110,110
20:03:55,176,220
20:03:56,176,108
20:03:57,164,164
20:03:58,110,110
20:03:59,110,110
20:04:00,110,110
20:04:01,0,0
20:04:02,110,0
20:04:03,110,110
20:04:04,110,110
20:04:05,110,110
20:04:06,110,110
20:04:07,110,110
20:04:08,110,110
20:04:09,110,110
20:04:10,110,110
20:04:11,110,110
20:04:12,110,110
20:04:13,110,110
20:04:14,532,672
20:04:15,110,218
20:04:16,110,110
20:04:17,110,110
20:04:18,110,110
20:04:19,110,110
20:04:20,110,110
20:04:21,1022,1075
20:04:22,270,283
20:04:23,176,164
20:04:24,230,274
20:04:25,110,54
20:04:26,224,224
20:04:28,110,110
20:04:29,110,110
20:04:30,66,110
20:04:31,66,110
20:04:32,332,272
20:04:33,110,54
20:04:34,110,110
20:04:35,176,220
20:04:36,6148,6308
20:04:37,31373,31548
20:04:38,15105,12835
20:04:39,15700,17776
20:04:40,59045,59980
20:04:41,56444,42313
20:04:42,6317,6167
20:04:43,10850,11289
20:04:44,110,66
20:04:45,110,110
20:04:46,6419,5043
20:04:47,3155,4643
20:04:48,110,110
20:04:49,248,274
20:04:50,15970,1598
20:04:51,1396,1643
20:04:52,1806,1072
20:04:53,904,1704
20:04:54,1566,1268
20:04:55,176,164
20:04:56,66,110
20:04:57,110,54
20:04:58,110,110
20:04:59,242,274
20:05:00,110,54
20:05:01,110,110
20:05:02,110,110
20:05:03,110,110
20:05:04,110,110
20:05:05,110,110
20:05:06,110,110
20:05:07,176,220
20:05:08,176,108
20:05:09,110,110
20:05:10,110,110
20:05:11,110,110
20:05:12,953,1073
20:05:13,242,274
20:05:14,110,54
20:05:15,110,110
20:05:16,110,110
20:05:17,110,110
20:05:18,110,110
20:05:19,110,110
20:05:20,242,218
20:05:22,0,0
20:05:23,0,0
20:05:24,238,274
20:05:25,238,164
20:05:26,110,54
20:05:27,224,220
20:05:28,110,114
20:05:29,176,220
20:05:30,176,164
20:05:31,172,164
20:05:32,606,338
20:05:33,5305,5725
20:05:34,110,66
20:05:35,110,110
20:05:36,110,110
20:05:37,216,220
20:05:38,324,264
20:05:39,424,604
20:05:40,6114,1996
20:05:41,363,348
20:05:42,110,110
20:05:43,362,350
20:05:44,110,110
20:05:45,110,110
20:05:46,176,164
20:05:47,4820,3758
20:05:48,110,1218
20:05:49,164,220
20:05:50,911,768
20:05:51,746,842
20:05:52,642,838
20:05:53,448,3420
20:05:54,270,702
20:05:55,110,110
20:05:56,110,110
20:05:57,110,110
20:05:58,110,110
20:05:59,176,220
20:06:00,352,218
20:06:01,4351,1172
20:06:02,1995,2152
20:06:03,930,888
20:06:04,110,110
20:06:05,110,110
20:06:06,110,110
20:06:07,110,110
20:06:08,110,110
20:06:09,110,110
20:06:10,110,110
20:06:11,110,110
20:06:12,0,0
20:06:13,110,110
20:06:14,482,538
20:06:16,110,314
20:06:17,176,274
20:06:18,774,590
20:06:19,270,216
20:06:20,376,318
20:06:21,534,538
20:06:22,800,746
20:06:23,642,534
20:06:24,536,534
20:06:25,376,574
20:06:26,642,538
20:06:27,390,322
20:06:28,384,278
20:06:29,536,594
20:06:30,110,110
20:06:31,588,848
20:06:32,588,860
20:06:33,322,326
20:06:34,430,372
20:06:35,482,428
20:06:36,266,216
20:06:37,642,704
20:06:38,428,620
20:06:39,536,428
20:06:40,756,648
20:06:41,254,216
20:06:42,637,613
20:06:43,840,774
20:06:44,536,492
20:06:45,270,388
20:06:46,588,538
20:06:47,534,710
20:06:48,5033,5315
20:06:49,110,110
20:06:50,2949,3032
20:06:51,218,120
20:06:52,1306,1430
20:06:53,614,536
20:06:54,482,428
20:06:55,536,784
20:06:56,1066,1522
20:06:57,694,816
20:06:58,270,494
20:06:59,548,482
20:07:00,640,640
20:07:01,372,322
20:07:02,0,0
20:07:03,110,110
20:07:04,110,110
20:07:05,110,110
20:07:06,110,110
20:07:07,176,220
20:07:08,176,108
20:07:09,110,110
20:07:11,242,274
20:07:12,110,54
20:07:13,110,110
20:07:14,110,110
20:07:15,110,110
20:07:16,110,110
20:07:17,110,110
20:07:18,110,110
20:07:19,110,110
20:07:20,110,110
20:07:21,110,110
20:07:22,176,164
20:07:23,176,164
20:07:24,110,110
20:07:25,110,110
20:07:26,152,152
20:07:27,376,466
20:07:28,168,110
20:07:29,110,114
20:07:30,110,110
20:07:31,110,110
20:07:32,110,110
20:07:33,110,110
20:07:34,110,110
20:07:35,110,110
20:07:36,110,110
20:07:37,110,110
20:07:38,110,110
20:07:39,110,110
20:07:40,224,220
20:07:41,200,168
20:07:42,731,807
20:07:43,671,615
20:07:44,746,804
20:07:45,800,746
20:07:46,270,446
20:07:47,176,164
20:07:48,3514,3670
20:07:49,1364,1320
20:07:50,591,506
20:07:51,176,164
20:07:52,330,274
20:07:53,324,370
20:07:54,296,620
20:07:55,176,164
20:07:56,176,164
20:07:57,0,0
20:07:58,110,110
20:07:59,1823,2874
20:08:00,110,54
20:08:01,1595,2635
20:08:02,294,282
20:08:04,360,458
20:08:05,1583,2515
20:08:06,294,348
20:08:07,164,54
20:08:08,110,110
20:08:09,110,110
20:08:10,110,110
20:08:11,110,110
20:08:12,110,110
20:08:13,110,110
20:08:14,110,110
20:08:15,596,592
20:08:16,810,694
20:08:17,270,382
20:08:18,376,370
20:08:19,324,796
20:08:20,172,164
20:08:21,172,164
20:08:22,534,538
20:08:23,650,640
20:08:24,804,7876
20:08:25,1330,6344
20:08:26,588,820
20:08:27,594,818
20:08:28,216,280
20:08:29,376,322
20:08:30,110,314
20:08:31,110,110
20:08:32,322,326
20:08:33,2004,13952
20:08:34,322,644
20:08:35,642,950
20:08:36,164,218
20:08:37,110,110
20:08:38,110,110
20:08:39,224,220
20:08:40,216,224
20:08:41,414,320
20:08:42,110,110
20:08:43,362,359
20:08:44,318,255
20:08:45,4351,1160
20:08:46,3348,2365
20:08:47,14685,2490
20:08:48,110,110
20:08:49,110,110
20:08:50,4803,3796
20:08:51,164,1217
20:08:52,110,110
20:08:53,176,220
20:08:54,176,108
20:08:55,242,218
20:08:56,110,110
20:08:58,110,110
20:08:59,268,164
20:09:00,536,678
20:09:01,1379,1240
20:09:02,536,588
20:09:03,554,3988
20:09:04,270,670
20:09:05,110,110
20:09:06,110,110
20:09:07,242,274
20:09:08,176,108
20:09:09,164,164
20:09:10,110,110
20:09:11,730,946
20:09:12,4838,1546
20:09:13,794,834
20:09:14,110,110
20:09:15,110,110
20:09:16,110,110
20:09:17,110,110
20:09:18,110,110
20:09:19,110,110
20:09:20,218,168
20:09:21,110,110
20:09:22,110,110
20:09:23,1040,1160
20:09:24,110,110
20:09:25,176,164
20:09:26,0,110
20:09:27,246,278
20:09:28,110,54
20:09:29,110,110
20:09:30,110,110
20:09:31,4936,2552
20:09:32,1420,2166
20:09:33,928,1766
20:09:34,4177,3736
20:09:35,110,54
20:09:36,374,452
20:09:37,110,66
20:09:38,110,110
20:09:39,224,220
20:09:40,284,300
20:09:41,200,164
20:09:42,176,164
20:09:43,362,413
20:09:44,242,155
20:09:45,176,164
20:09:46,164,164
20:09:47,110,110
20:09:48,110,110
20:09:49,218,164
20:09:51,224,224
20:09:52,4769,4827
20:09:53,110,110
20:09:54,110,110
20:09:55,557,917
20:09:56,0,0
20:09:57,110,110
20:09:58,110,110
20:09:59,110,110
20:10:00,477,340
20:10:01,110,162
20:10:02,110,110
20:10:03,110,110
20:10:04,110,110
20:10:05,110,110
20:10:06,110,110
20:10:07,536,592
20:10:08,216,424
20:10:09,642,534
20:10:10,748,794
20:10:11,2452,3295
20:10:12,696,494
20:10:13,3418,4654
20:10:14,730,687
20:10:15,694,688
20:10:16,1064,1252
20:10:17,442,558
20:10:18,110,110
20:10:19,110,110
20:10:20,728,848
20:10:21,4599,1613
20:10:22,953,944
20:10:23,372,428
20:10:24,110,186
20:10:25,376,326
20:10:26,324,264
20:10:27,224,264
20:10:28,110,114
20:10:29,264,220
20:10:30,4288,1182
20:10:31,2109,1356
20:10:32,16186,2701
20:10:33,322,324
20:10:34,748,842
20:10:35,110,218
20:10:36,110,110
20:10:37,482,432
20:10:38,642,646
20:10:39,914,1078
20:10:40,164,234
20:10:42,200,164
20:10:43,110,110
20:10:44,614,875
20:10:45,814,849
20:10:46,176,164
20:10:47,388,376
20:10:48,800,750
20:10:49,690,636
20:10:50,1124,13738
20:10:51,384,332
20:10:52,588,1542
20:10:53,5088,5416
20:10:54,164,362
20:10:55,242,274
20:10:56,110,54
20:10:57,110,110
20:10:58,110,110
20:10:59,110,110
20:11:00,477,448
20:11:01,336,318
20:11:02,336,262
20:11:03,270,264
20:11:04,1427,1547
20:11:05,110,110
20:11:06,642,682
20:11:07,430,462
20:11:08,536,572
20:11:09,270,248
20:11:10,270,264
20:11:11,694,852
20:11:12,588,738
20:11:13,230,164
20:11:14,66,110
20:11:15,110,54
20:11:16,110,110
20:11:17,602,582
20:11:18,176,208
20:11:19,270,264
20:11:20,388,428
20:11:21,362,372
20:11:22,110,54
20:11:23,696,736
20:11:24,376,616
20:11:25,906,856
20:11:26,482,706
20:11:27,490,432
20:11:28,536,436
20:11:29,590,534
20:11:30,110,298
20:11:31,376,326
20:11:32,802,640
20:11:33,590,428
20:11:34,536,914
20:11:36,172,164
20:11:37,172,164
20:11:38,110,110
20:11:39,0,0
20:11:40,436,488
20:11:41,784,892
20:11:42,376,322
20:11:43,800,948
20:11:44,376,536
20:11:45,362,350
20:11:46,110,110
20:11:47,906,984
20:11:48,854,746
20:11:49,442,758
20:11:50,290,218
20:11:51,2946,3024
20:11:52,430,322
20:11:53,614,588
20:11:54,6229,6223
20:11:55,482,428
20:11:56,430,322
20:11:57,696,534
20:11:58,536,424
20:11:59,536,432
20:12:00,849,710
20:12:01,708,588
20:12:02,642,534
20:12:03,588,530
20:12:04,110,110
20:12:05,430,322
20:12:06,536,428
20:12:07,160,216
20:12:08,0,0
20:12:09,324,380
20:12:10,176,392
20:12:11,548,536
20:12:12,230,382
20:12:13,494,430
20:12:14,748,694
20:12:15,4288,964
20:12:16,1050,1294
20:12:17,794,866
20:12:18,110,110
20:12:19,110,110
20:12:20,110,110
20:12:21,110,110
20:12:22,110,110
20:12:23,242,274
20:12:24,172,108
20:12:25,110,110
20:12:26,224,220
20:12:27,110,114
20:12:28,110,110
20:12:30,110,110
20:12:31,110,110
20:12:32,110,110
20:12:33,110,110
20:12:34,110,110
20:12:35,110,110
20:12:36,242,218
20:12:37,0,110
20:12:38,0,0
20:12:39,110,110
20:12:40,224,220
20:12:41,200,224
20:12:42,152,164
20:12:43,110,42
20:12:44,1041,1215
20:12:45,478,460
20:12:46,172,164
20:12:47,110,54
20:12:48,110,110
20:12:49,110,110
20:12:50,290,334
20:12:51,274,218
20:12:52,110,98
20:12:53,110,110
20:12:54,110,110
20:12:55,4768,4826
20:12:56,164,220
20:12:57,110,54
20:12:58,110,110
20:12:59,110,110
20:13:00,477,392
20:13:01,110,110
20:13:02,176,164
20:13:03,176,164
20:13:04,110,110
20:13:05,110,110
20:13:06,282,286
20:13:07,588,10368
20:13:08,800,2746
20:13:09,164,442
20:13:10,110,110
20:13:11,110,110
20:13:12,110,110
20:13:13,110,110
20:13:14,110,110
20:13:15,110,110
20:13:16,110,110
20:13:17,110,110
20:13:18,110,110
20:13:19,110,110
20:13:20,176,220
20:13:22,176,108
20:13:23,110,110
20:13:24,110,110
20:13:25,110,110
20:13:26,110,110
20:13:27,348,328
20:13:28,110,114
20:13:29,336,286
20:13:30,1926,2132
20:13:31,536,518
20:13:32,642,994
20:13:33,322,406
20:13:34,1158,1530
20:13:35,579,561
20:13:36,270,232
20:13:37,588,758
20:13:38,164,372
20:13:39,0,0
20:13:40,436,456
20:13:41,414,444
20:13:42,110,54
20:13:43,110,110
20:13:44,110,110
20:13:45,362,359
20:13:46,110,101
20:13:47,216,274
20:13:48,748,640
20:13:49,4446,1176
20:13:50,1968,1761
20:13:51,1258,1490
20:13:52,415,230
20:13:53,1800,2088
20:13:54,9159,9591
20:13:55,176,272
20:13:56,1667,2181
20:13:57,3880,4897
20:13:58,642,534
20:13:59,990,1098
20:14:00,1624,1800
20:14:01,282,218
20:14:02,376,318
20:14:03,242,218
20:14:04,110,110
20:14:05,110,110
20:14:06,242,218
20:14:07,906,1230
20:14:08,132,164
20:14:09,534,482
20:14:10,588,614
20:14:11,484,322
20:14:12,270,574
20:14:13,746,750
20:14:14,536,428
20:14:15,548,534
20:14:17,1296,12132
20:14:18,536,1118
20:14:19,536,828
20:14:20,1436,1590
20:14:21,376,354
20:14:22,852,1476
20:14:23,324,372
20:14:24,536,608
20:14:25,1575,1789
20:14:26,376,418
20:14:27,642,988
20:14:28,1020,970
20:14:29,376,588
20:14:30,696,640
20:14:31,110,106
20:14:32,536,432
20:14:33,848,922
20:14:34,5383,1464
20:14:35,6456,3492
20:14:36,110,110
20:14:37,110,110
20:14:38,0,0
20:14:39,110,110
20:14:40,224,220
20:14:41,200,224
20:14:42,110,54
20:14:43,110,110
20:14:44,110,110
20:14:45,110,110
20:14:46,588,730
20:14:47,534,742
20:14:48,164,106
20:14:49,110,110
20:14:50,862,864
20:14:51,110,106
20:14:52,642,538
20:14:53,1122,1262
20:14:54,5640,2024
20:14:55,110,108
20:14:56,110,110
20:14:57,3515,3563
20:14:58,1365,1321
20:14:59,110,110
20:15:00,477,392
20:15:01,600,592
20:15:02,442,376
20:15:03,536,424
20:15:04,270,216
20:15:05,270,216
20:15:06,640,640
20:15:07,532,428
20:15:08,584,640
20:15:09,216,376
20:15:11,910,1072
20:15:12,110,170
20:15:13,110,110
20:15:14,376,342
20:15:15,1415,1302
20:15:16,216,287
20:15:17,1066,958
20:15:18,536,428
20:15:19,376,354
20:15:20,324,1560
20:15:21,110,110
20:15:22,270,232
20:15:23,110,110
20:15:24,176,164
20:15:25,282,274
20:15:26,1172,1064
20:15:27,854,746
20:15:28,598,804
20:15:29,110,110
20:15:30,694,660
20:15:31,536,530
20:15:32,536,432
20:15:33,694,640
20:15:34,5866,1774
20:15:35,327,886
20:15:36,478,566
20:15:37,110,314
20:15:38,110,110
20:15:39,110,110
20:15:40,224,220
20:15:41,200,224
20:15:42,110,54
20:15:43,176,220
20:15:44,176,164
20:15:45,110,54
20:15:46,110,110
20:15:47,110,110
20:15:48,176,220
20:15:49,176,108
20:15:50,224,220
20:15:51,482,800
20:15:52,110,110
20:15:53,946,884
20:15:54,270,212
20:15:55,110,110
20:15:56,428,432
20:15:57,430,322
20:15:58,4877,4975
20:15:59,324,172
20:16:00,1961,1876
20:16:01,826,1110
20:16:03,854,746
20:16:04,636,640
20:16:05,1413,1408
20:16:06,164,177
20:16:07,642,538
20:16:08,110,106
20:16:09,110,110
20:16:10,110,110
20:16:11,110,110
20:16:12,110,110
20:16:13,110,110
20:16:14,270,326
20:16:15,482,802
20:16:16,110,110
20:16:17,110,110
20:16:18,110,110
20:16:19,176,220
20:16:20,610,590
20:16:21,384,584
20:16:22,642,646
20:16:23,654,1238
20:16:24,880,748
20:16:25,614,1182
20:16:26,176,164
20:16:27,224,224
20:16:28,110,110
20:16:29,110,110
20:16:30,110,110
20:16:31,478,428
20:16:32,430,322
20:16:33,668,536
20:16:34,536,428
20:16:35,110,106
20:16:36,176,164
20:16:37,110,54
20:16:38,482,432
20:16:39,384,452
20:16:40,110,154
20:16:41,200,220
20:16:42,164,108
20:16:43,110,110
